analysis,noise_amplitude,total_runs,successful_runs,failed_runs,failure_rate,mean_rmse,sd_rmse,mean_relative_error,sd_relative_error,mean_structure_score,sd_structure_score,mean_sign_agreement,mean_significance_agreement,mean_top3_overlap,mean_rank_score,mean_edge_jaccard,mean_group_order_agreement,mean_highest_domain_retention,mean_category_agreement,mean_r_squared_change
Logistic Regression,0.1,50,50,0,0.0,0.015836099436842235,0.004148206563306586,0.16318977658849787,0.04274694693657006,0.9342261904761904,0.0532218849677515,0.96,1.0,0.8133333333333332,0.9635714285714287,nan,nan,nan,nan,nan
Logistic Regression,0.25,50,50,0,0.0,0.038831601315584524,0.010113101694170236,0.40015664012068475,0.10421472867547776,0.8827976190476189,0.06945616021771174,0.92,1.0,0.74,0.8711904761904763,nan,nan,nan,nan,nan
Logistic Regression,0.5,50,50,0,0.0,0.07287176478066859,0.01869013494399334,0.7509378847736105,0.19260039115587518,0.7711011904761904,0.08724624991493372,0.8225,1.0,0.5533333333333332,0.7085714285714285,nan,nan,nan,nan,nan
Logistic Regression,0.75,50,50,0,0.0,0.0992683201737522,0.024841102451679253,1.0229523410153796,0.25598563430780436,0.7147023809523809,0.09622522020195874,0.735,1.0,0.4733333333333333,0.6504761904761905,nan,nan,nan,nan,nan
Logistic Regression,1.0,50,50,0,0.0,0.11748476290302787,0.028512423896841933,1.2106713706339778,0.29381831708490397,0.6814880952380952,0.10315915650860762,0.685,1.0,0.43999999999999995,0.6009523809523809,nan,nan,nan,nan,nan
Multiple Linear Regression,0.1,50,50,0,0.0,0.002587837234594813,0.0007005915545960632,0.05897227882692607,0.015965254672555763,0.9590773809523809,0.04593042209176001,0.9875,1.0,0.8666666666666666,0.9821428571428572,nan,nan,nan,nan,0.0005134153458439372
Multiple Linear Regression,0.25,50,50,0,0.0,0.006387500396991024,0.0017380606966735871,0.14555994843216424,0.03960735963303525,0.9039583333333332,0.07278683702684652,0.9425,1.0,0.7333333333333333,0.94,nan,nan,nan,nan,0.0012938366071470365
Multiple Linear Regression,0.5,50,50,0,0.0,0.012372410683067952,0.0033772462320543007,0.2819455732413413,0.07696152748767271,0.8638690476190476,0.07671830724945636,0.9075,0.9925,0.6533333333333334,0.9021428571428572,nan,nan,nan,nan,0.002556176766323046
Multiple Linear Regression,0.75,50,50,0,0.0,0.017778603217661552,0.004831081209134172,0.405143233928845,0.110091880699441,0.834434523809524,0.08706430903602409,0.88,0.9725,0.6333333333333333,0.851904761904762,nan,nan,nan,nan,0.0037093556780370364
Multiple Linear Regression,1.0,50,50,0,0.0,0.022525411613805023,0.006050970043275169,0.5133146847964636,0.13789101099369247,0.7983928571428572,0.08881182956594298,0.8475,0.9625,0.5866666666666667,0.796904761904762,nan,nan,nan,nan,0.004682384133979778
Figure 1,0.1,50,50,0,0.0,0.009967564163766394,0.0019476071297167474,0.016820790073469417,0.0032866897204079557,0.9568452380952379,0.047068052698823096,nan,nan,nan,nan,0.8599999999999999,0.98,nan,nan,nan
Figure 1,0.25,50,50,0,0.0,0.0247056805354661,0.004944552097009599,0.041692138528682005,0.008344192368830855,0.8983730158730157,0.05392910208778557,nan,nan,nan,nan,0.8433333333333332,0.9025,nan,nan,nan
Figure 1,0.5,50,50,0,0.0,0.04835494211375057,0.010228132097095707,0.08160151436665751,0.017260512199597573,0.8480753968253968,0.0602462669172082,nan,nan,nan,nan,0.8199999999999998,0.835,nan,nan,nan
Figure 1,0.75,50,50,0,0.0,0.07039902949088736,0.015595280508510886,0.11880207410621207,0.02631785813068773,0.7972261904761905,0.06426597109013574,nan,nan,nan,nan,0.8046666666666665,0.7975,nan,nan,nan
Figure 1,1.0,50,50,0,0.0,0.09042919359244941,0.02047132079979656,0.15260403213265603,0.03454643321502438,0.7381984126984126,0.08726335264276407,nan,nan,nan,nan,0.6679999999999999,0.7675,nan,nan,nan
Figure 2,0.1,50,50,0,0.0,0.05722816546849248,0.0011945086250542251,0.05544452312213327,0.0011572791219014275,0.5412194971034219,0.14209383657054928,nan,nan,nan,0.5348779884136876,nan,nan,nan,1.0,nan
Figure 2,0.25,50,50,0,0.0,0.14218460663665577,0.0029803039732282004,0.13775310890609876,0.002887416208468402,0.5052497364085947,0.16342212754690524,nan,nan,nan,0.530998945634379,nan,nan,nan,1.0,nan
Figure 2,0.5,50,50,0,0.0,0.2783245065383159,0.006017896921674322,0.2696499077314647,0.0058303358545380175,0.5127041072965755,0.16589260352222837,nan,nan,nan,0.5408164291863016,nan,nan,nan,1.0,nan
Figure 2,0.75,50,50,0,0.0,0.40371660486504984,0.009154096715712273,0.39113388398852406,0.008868789045771298,0.5039860910637787,0.1300897052780075,nan,nan,nan,0.5359443642551147,nan,nan,nan,1.0,nan
Figure 2,1.0,50,50,0,0.0,0.515702348721172,0.012284990417880027,0.49962934446241397,0.0119021015212228,0.5386312243812297,0.16557326166885528,nan,nan,nan,0.5245248975249188,nan,nan,nan,1.0,nan
Correlation Analysis,0.1,50,50,0,0.0,0.004711850433201237,0.0005843310405822844,0.04896475751914923,0.006072269932724693,0.9445607553366173,0.05408981658706263,0.99,nan,0.9333333333333332,0.9949096880131363,0.8599999999999999,nan,nan,nan,nan
Correlation Analysis,0.25,50,50,0,0.0,0.011799415036228366,0.0015330101734903558,0.1226175372727605,0.015930783984657578,0.9056992337164749,0.05930895977652041,0.9557142857142858,nan,0.8466666666666666,0.9770826491516147,0.8433333333333332,nan,nan,nan,nan
Correlation Analysis,0.5,50,50,0,0.0,0.02354608607765513,0.0032832977991084887,0.2446869678191584,0.03411947872192516,0.8617214012041597,0.058822985808063125,0.9128571428571429,nan,0.7866666666666666,0.9273617952928298,0.8199999999999998,nan,nan,nan,nan
Correlation Analysis,0.75,50,50,0,0.0,0.034925429295737186,0.005049984263843478,0.3629391893825686,0.05247858743823045,0.8225322933771209,0.061206462608593366,0.8557142857142856,nan,0.76,0.8697482211275314,0.8046666666666665,nan,nan,nan,nan
Correlation Analysis,1.0,50,50,0,0.0,0.045550058420525084,0.006599070297252014,0.47334854897522516,0.06857642905639419,0.7438951833607006,0.11093398888447205,0.8100000000000002,nan,0.6866666666666665,0.8109140667761356,0.6679999999999999,nan,nan,nan,nan
Variance Analysis,0.1,50,50,0,0.0,0.018050903078927077,0.0032236097069675727,0.017028286119156393,0.0030409862701449093,0.9646031746031747,0.055915006344934064,nan,nan,nan,0.9738095238095238,nan,0.98,0.94,nan,nan
Variance Analysis,0.25,50,50,0,0.0,0.04818936881416258,0.00877803851824335,0.04545935217097665,0.008280746442438267,0.8782539682539684,0.0856466592452338,nan,nan,nan,0.9222619047619048,nan,0.9025,0.81,nan,nan
Variance Analysis,0.5,50,50,0,0.0,0.11842726700612007,0.02030167219827663,0.111718143855316,0.0191515450156705,0.7875,0.10374014131179204,nan,nan,nan,0.8475,nan,0.835,0.68,nan,nan
Variance Analysis,0.75,50,50,0,0.0,0.2242290755822876,0.03348331227551964,0.21152608479221244,0.03158642086501633,0.7332936507936509,0.10680946853189457,nan,nan,nan,0.7923809523809524,nan,0.7975,0.61,nan,nan
Variance Analysis,1.0,50,50,0,0.0,0.3701318556126019,0.047719499025744315,0.34916320317200955,0.045016101372889195,0.6943650793650795,0.11452787777194587,nan,nan,nan,0.7555952380952381,nan,0.7675,0.56,nan,nan
